{"data":[3.2200258892002892E16,11.085571517801375,1.0],"numRows":3,"numCols":1,"type":"DDRM","numElements":3}