{"data":[2.5572332762106816E12,2.557233276020674E12,1.0],"numRows":3,"numCols":1,"type":"DDRM","numElements":3}