{"data":[-1.1472102425592422E12,-5.736051212163401E11,1.0],"numRows":3,"numCols":1,"type":"DDRM","numElements":3}