{"data":[-5.623079042324508E-15,-4.425201524660416E-13,-0.26029366698085005,4.654226223171909E-13,-2.3312623533000565E-14,0.5205873340191507,0.26029366698414114,-0.5205873340238991,1.0411746684295244],"numRows":3,"numCols":3,"type":"DDRM","numElements":9}