{"data":[0.0,-2.736526283353413E-15,3.327893516313907E-14,2.777292285038868E-15,1.4257258568184383E-17,-89.42953059701387,-3.078787225163637E-14,89.42953059701381,5.216937992713611E-13],"numRows":3,"numCols":3,"type":"DDRM","numElements":9}