{"data":[1.1609348871772715E-16,-7.684450948827748E-14,0.19615524675496715,7.890346362393608E-14,-2.1748756766880317E-15,-0.1961552467699747,-0.1961552467544698,0.1961552467686607,0.980776233676371],"numRows":3,"numCols":3,"type":"DDRM","numElements":9}